{
  "bt_oof_auc": 0.6593159772544706,
  "gbdt_oof_auc": 0.6446092462122587,
  "blend_weights": {
    "bt": 0.7,
    "gbdt": 0.3
  },
  "blend_oof_auc": 0.6643989552470816
}